userID,firstName,lastName,study_subjectID,modules_moduleID
25064766-7e0c-4af5-a21a-df0dbcc7c7e5,firstName-25064766,lastName-25064766,20906352-4f83-43f4-849f-dc2d2dcc847a,49239703-7bea-4229-bfe6-288ad4239968
25064767-1623-471b-88ac-8c3795eacee7,firstName-25064767,lastName-25064767,20906352-4f83-43f4-849f-dc2d2dcc847a,49239703-7bea-4229-bfe6-288ad4239968
25064768-3f7d-49a4-9bf2-78f3c62706ae,firstName-25064768,lastName-25064768,20906352-4f83-43f4-849f-dc2d2dcc847a,49239703-7bea-4229-bfe6-288ad4239968
25064769-db38-43bb-bcba-0af719927490,firstName-25064769,lastName-25064769,20906352-4f83-43f4-849f-dc2d2dcc847a,49239703-7bea-4229-bfe6-288ad4239968
25064770-47e0-4076-9f54-d0956d6608e3,firstName-25064770,lastName-25064770,20906352-4f83-43f4-849f-dc2d2dcc847a,49239703-7bea-4229-bfe6-288ad4239968
25064771-6483-459a-82bd-d9bc8265a709,firstName-25064771,lastName-25064771,20906352-4f83-43f4-849f-dc2d2dcc847a,49239703-7bea-4229-bfe6-288ad4239968
25064772-e9ea-42ed-bc40-01f2256ada53,firstName-25064772,lastName-25064772,20906352-4f83-43f4-849f-dc2d2dcc847a,49239703-7bea-4229-bfe6-288ad4239968
25064773-7388-46fd-9a9a-eecd0d5a22f5,firstName-25064773,lastName-25064773,20906352-4f83-43f4-849f-dc2d2dcc847a,49239703-7bea-4229-bfe6-288ad4239968
25064774-e94a-4a17-812a-a02120f47399,firstName-25064774,lastName-25064774,20906352-4f83-43f4-849f-dc2d2dcc847a,49239703-7bea-4229-bfe6-288ad4239968
25064775-9d74-4268-a7f6-aaf7068ee20b,firstName-25064775,lastName-25064775,20906352-4f83-43f4-849f-dc2d2dcc847a,49239703-7bea-4229-bfe6-288ad4239968